id,category,filename,display_name,file_size,width,height,meta_info,is_active,created_at,updated_at,target_gender
788906e5-a764-4338-b284-75f515695bc1,hair,hair/female/hair_4.png,Hair 4,12963,512,512,,Y,2025-11-12 14:33:32.979242-05,2025-11-12 14:33:32.979242-05,female
f73d45e9-d2e6-4b07-be7d-8ce37a6fa8f2,hair,hair/female/hair_2.png,Hair 2,27529,512,512,,Y,2025-11-12 14:33:32.979242-05,2025-11-12 14:33:32.979242-05,female
a009de20-e26c-48d8-aadf-407545d304fe,hair,hair/female/hair_1.png,Hair 1,21563,512,512,,Y,2025-11-12 14:33:32.979242-05,2025-11-12 14:33:32.979242-05,female
9398b848-f732-4a40-9959-b411bf7f5973,hair,hair/female/hair_3.png,Hair 3,22786,512,512,,Y,2025-11-12 14:33:32.979242-05,2025-11-12 14:33:32.979242-05,female
9f0a2791-338a-49a8-8565-ddb305d2d81f,hair,hair/male/hair_6.png,Hair 6,11491,512,512,,Y,2025-11-12 14:33:32.979242-05,2025-11-12 14:33:32.979242-05,male
a493dd59-8922-4ca9-b3a0-798a49d47661,hair,hair/male/hair_5.png,Hair 5,10587,512,512,,Y,2025-11-12 14:33:32.979242-05,2025-11-12 14:33:32.979242-05,male
bcaaf2f0-e014-4caf-828e-1584c5290810,socks,female/Medias_maya.png,Medias Maya,11643,512,512,,Y,2025-11-12 14:33:32.979242-05,2025-11-12 14:33:32.979242-05,female
70dad866-b60c-49d4-8a66-ca97f2b4c484,shirt,female/camisa_miku.png,Camisa Miku,11149,512,512,,Y,2025-11-12 14:33:32.979242-05,2025-11-12 14:33:32.979242-05,female
ab1f9ead-b244-41df-b935-32b132566aaa,skirt,female/vestido.png,Vestido,6752,512,512,,Y,2025-11-12 14:33:32.979242-05,2025-11-12 14:33:32.979242-05,female
25972db8-b08d-478b-a8d4-060d6cde4fd7,shirt,female/camisa_cafe_mujer.png,Camisa Cafe Mujer,9494,512,512,,Y,2025-11-12 14:33:32.979242-05,2025-11-12 14:33:32.979242-05,female
d086d655-6923-446d-852f-bdb3c6c89e56,shirt,female/Camisa_morada_mujer.png,Camisa Morada Mujer,8945,512,512,,Y,2025-11-12 14:33:32.979242-05,2025-11-12 14:33:32.979242-05,female
87c2ee30-f460-421a-9b2c-9b730b6b92af,shoes,female/zapatos_beige.png,Zapatos Beige,9893,512,512,,Y,2025-11-12 14:33:32.979242-05,2025-11-12 14:33:32.979242-05,female
26335910-5ec8-44fe-b408-7357a8abfc56,shirt,male/camisa_cafe.png,Camisa Cafe,9656,512,512,,Y,2025-11-12 14:33:32.979242-05,2025-11-12 14:33:32.979242-05,male
2bc1cdc6-cd5d-47e7-9591-719aae041803,shirt,unisex/camisa_miku.png,Camisa Miku,124395,1440,3200,"{""path"": ""assets/clothes/camisa_miku.png"", ""original_name"": ""camisa_miku.png""}",Y,2025-11-09 16:25:53.265153-05,2025-11-09 16:25:53.265153-05,unisex
32db60b9-d020-4d0b-bfb8-39e9cd71b5d6,pants,unisex/pantaloneta_morada.png,Pantaloneta Morada,16533,512,512,"{""path"": ""assets/clothes/pantaloneta_morada.png"", ""original_name"": ""pantaloneta_morada.png""}",Y,2025-11-09 16:25:53.265153-05,2025-11-09 16:25:53.265153-05,unisex
db7c41da-58a3-441b-9b53-448eeffc2f0b,hair,hair/male/hair_4.png,Hair 4,12963,512,512,,Y,2025-11-12 14:33:32.979242-05,2025-11-12 14:33:32.979242-05,male
a4939fc9-49dd-4042-9658-8662165146a7,hair,hair/male/hair_7.png,Hair 7,5959,512,512,,Y,2025-11-12 14:33:32.979242-05,2025-11-12 14:33:32.979242-05,male
505538a0-2794-4a3a-9bd9-7b3fa7eeeaac,hair,hair/male/hair_2.png,Hair 2,27529,512,512,,Y,2025-11-12 14:33:32.979242-05,2025-11-12 14:33:32.979242-05,male
65eaaeea-ec2d-4213-a02d-a4ab49832d6c,hair,hair/male/hair_1.png,Hair 1,21563,512,512,,Y,2025-11-12 14:33:32.979242-05,2025-11-12 14:33:32.979242-05,male
33d096b2-64f0-491e-b0a0-6a29289f7088,hair,hair/male/hair_3.png,Hair 3,22786,512,512,,Y,2025-11-12 14:33:32.979242-05,2025-11-12 14:33:32.979242-05,male
6e8e8c2b-4925-4dff-a9e9-29496bf6c67f,eyes,eyes/female/ojos_6.png,Ojos 6,6049,512,512,,Y,2025-11-12 14:33:32.979242-05,2025-11-12 14:33:32.979242-05,female
1d292eef-3aed-4ac9-bbe8-6d297ffdceb8,eyes,eyes/female/ojos_5.png,Ojos 5,5963,512,512,,Y,2025-11-12 14:33:32.979242-05,2025-11-12 14:33:32.979242-05,female
be9d59d6-ff29-4d93-a1f4-6a3c96a25094,eyes,eyes/female/ojos_4.png,Ojos 4,4332,512,512,,Y,2025-11-12 14:33:32.979242-05,2025-11-12 14:33:32.979242-05,female
0e709238-145c-4cef-8c5e-fc73ae1eedf2,eyes,eyes/male/ojos_6.png,Ojos 6,6049,512,512,,Y,2025-11-12 14:33:32.979242-05,2025-11-12 14:33:32.979242-05,male
26acd6e3-aa9e-427a-acb1-e75d6e81e96e,eyes,eyes/male/ojos_5.png,Ojos 5,5963,512,512,,Y,2025-11-12 14:33:32.979242-05,2025-11-12 14:33:32.979242-05,male
f4c04af6-8857-4540-be9a-db5a88ac00ad,eyes,eyes/male/ojos_4.png,Ojos 4,4332,512,512,,Y,2025-11-12 14:33:32.979242-05,2025-11-12 14:33:32.979242-05,male
d990b348-627b-4434-9658-8e034a8e2e9e,mouth,mouth/female/boca_3.png,Boca 3,1672,512,512,,Y,2025-11-12 14:33:32.979242-05,2025-11-12 14:33:32.979242-05,female
c18edbdf-375d-4a52-9f8e-c3c717c1e064,mouth,mouth/male/boca_4.png,Boca 4,1257,512,512,,Y,2025-11-12 14:33:32.979242-05,2025-11-12 14:33:32.979242-05,male
f79b34ff-b7b0-4d5a-8390-0dbd190daa1c,mouth,mouth/male/boca_3.png,Boca 3,1672,512,512,,Y,2025-11-12 14:33:32.979242-05,2025-11-12 14:33:32.979242-05,male
0e461aee-bc04-4834-97d6-e03bdbbc8b5b,accessories,accessories/female/collar_1.png,Collar 1,2166,512,512,,Y,2025-11-12 14:33:32.979242-05,2025-11-12 14:33:32.979242-05,female
5766e668-7fa5-435d-8c16-587e5459d2fd,accessories,accessories/female/manilla_2.png,Manilla 2,2748,512,512,,Y,2025-11-12 14:33:32.979242-05,2025-11-12 14:33:32.979242-05,female
063be6ee-9cfd-4341-9853-50657e63f6d6,accessories,accessories/female/moño.png,Moño,5250,512,512,,Y,2025-11-12 14:33:32.979242-05,2025-11-12 14:33:32.979242-05,female
4f1b2775-1130-479e-b2b1-5ad1ae257af5,accessories,accessories/female/gafas_2.png,Gafas 2,4831,512,512,,Y,2025-11-12 14:33:32.979242-05,2025-11-12 14:33:32.979242-05,female
39d92824-1457-4081-89e9-e5e94b1dd3d1,accessories,accessories/female/orejas_gato.png,Orejas Gato,2925,512,512,,Y,2025-11-12 14:33:32.979242-05,2025-11-12 14:33:32.979242-05,female
9256b269-f830-4e84-a28f-8bc83438d5a3,accessories,accessories/male/collar_1.png,Collar 1,2166,512,512,,Y,2025-11-12 14:33:32.979242-05,2025-11-12 14:33:32.979242-05,male
ab2b5b5c-dbc8-4d6e-8a94-e795a88064a7,accessories,accessories/male/manilla_2.png,Manilla 2,2748,512,512,,Y,2025-11-12 14:33:32.979242-05,2025-11-12 14:33:32.979242-05,male
cbde513e-4abd-49bd-b6cd-d07c97faf351,accessories,accessories/male/moño.png,Moño,5250,512,512,,Y,2025-11-12 14:33:32.979242-05,2025-11-12 14:33:32.979242-05,male
e9291e28-0641-48e4-8e77-c6e92da81df6,accessories,accessories/male/gafas_2.png,Gafas 2,4831,512,512,,Y,2025-11-12 14:33:32.979242-05,2025-11-12 14:33:32.979242-05,male
1c762a0a-6328-4788-b636-3c8530f8bd25,accessories,accessories/male/orejas_gato.png,Orejas Gato,2925,512,512,,Y,2025-11-12 14:33:32.979242-05,2025-11-12 14:33:32.979242-05,male
8ebd4dd3-57be-431e-9ecb-716fb880fb4a,accessories,accessories/male/manilla_1.png,Manilla 1,2287,512,512,,Y,2025-11-12 14:33:32.979242-05,2025-11-12 14:33:32.979242-05,male
ed0b6282-c36c-4393-b8b7-6602cc21fe40,makeup,makeup/female/rubor.png,Rubor,5530,512,512,,Y,2025-11-12 14:33:32.979242-05,2025-11-12 14:33:32.979242-05,female
0dbc2bd1-e484-4c04-be2c-3efe48af2a8f,makeup,makeup/female/ahumado_morado.png,Ahumado Morado,4979,512,512,,Y,2025-11-12 14:33:32.979242-05,2025-11-12 14:33:32.979242-05,female
c5bdc613-587a-48a9-aad3-e2c59115beeb,makeup,makeup/female/ahumado_negro.png,Ahumado Negro,3296,512,512,,Y,2025-11-12 14:33:32.979242-05,2025-11-12 14:33:32.979242-05,female
84266ae7-584d-454e-8df9-9ca1aa98c9f6,makeup,makeup/female/remolino_rubor.png,Remolino Rubor,3236,512,512,,Y,2025-11-12 14:33:32.979242-05,2025-11-12 14:33:32.979242-05,female
179df9fa-8457-4141-9474-b285c3600d2e,makeup,makeup/male/rubor.png,Rubor,5530,512,512,,Y,2025-11-12 14:33:32.979242-05,2025-11-12 14:33:32.979242-05,male
3e6668cc-7292-4b8a-9dca-8375541e97ff,makeup,makeup/male/ahumado_morado.png,Ahumado Morado,4979,512,512,,Y,2025-11-12 14:33:32.979242-05,2025-11-12 14:33:32.979242-05,male
2a2ddd41-bcac-4cc4-91ad-c089de48b1c7,makeup,makeup/male/ahumado_negro.png,Ahumado Negro,3296,512,512,,Y,2025-11-12 14:33:32.979242-05,2025-11-12 14:33:32.979242-05,male
7a1ff9cb-d7c1-44f3-9382-bd2b8067197a,makeup,makeup/male/remolino_rubor.png,Remolino Rubor,3236,512,512,,Y,2025-11-12 14:33:32.979242-05,2025-11-12 14:33:32.979242-05,male
62112170-92a5-4acd-b887-66152b8e0f7c,skirt,unisex/vestido.png,Vestido,102570,1440,3200,"{""path"": ""assets/clothes/vestido.png"", ""original_name"": ""vestido.png""}",Y,2025-11-09 16:25:53.265153-05,2025-11-09 16:25:53.265153-05,unisex
0c095687-a277-4799-80bd-b7bf8d414d2e,shirt,female/Camisa_verde_mujer.png,Camisa Verde Mujer,6006,512,512,,Y,2025-11-12 14:33:32.979242-05,2025-11-12 14:33:32.979242-05,female
246bd951-a2d2-4376-991f-6bf92fd66f71,shirt,female/Corset_rojo.png,Corset Rojo,10204,512,512,,Y,2025-11-12 14:33:32.979242-05,2025-11-12 14:33:32.979242-05,female
8f78ce81-e911-4af3-bebf-21e5f7c02d96,shirt,female/esqueleto_azul.png,Esqueleto Azul,7918,512,512,,Y,2025-11-12 14:33:32.979242-05,2025-11-12 14:33:32.979242-05,female
9e14ea3c-ae4a-4fe1-a35e-2bf2fa109000,skirt,female/falda_miku.png,Falda Miku,7483,512,512,,Y,2025-11-12 14:33:32.979242-05,2025-11-12 14:33:32.979242-05,female
c07c188f-bf4a-4259-982f-95f5363f9d3a,skirt,female/falda_2.png,Falda 2,12472,512,512,,Y,2025-11-12 14:33:32.979242-05,2025-11-12 14:33:32.979242-05,female
faea630f-f595-4943-a0c6-3fc90051f35f,shirt,female/camisa_cafe.png,Camisa Cafe,9656,512,512,,Y,2025-11-12 14:33:32.979242-05,2025-11-12 14:33:32.979242-05,female
3e363f5f-9818-44f0-a5e5-48e6bd35c52f,shirt,female/esqueleto_blanco_mujer.png,Esqueleto Blanco Mujer,11936,512,512,,Y,2025-11-12 14:33:32.979242-05,2025-11-12 14:33:32.979242-05,female
38486f18-8949-49ff-b69a-d6058b5d7b85,shoes,female/zapatos_rosados.png,Zapatos Rosados,8308,512,512,,Y,2025-11-12 14:33:32.979242-05,2025-11-12 14:33:32.979242-05,female
ef303007-0232-473c-aba8-4cc1751de4ec,shirt,female/calentadoras.png,Calentadoras,9056,512,512,,Y,2025-11-12 14:33:32.979242-05,2025-11-12 14:33:32.979242-05,female
fc165602-5243-43e7-99e9-325f39b74a9c,shirt,female/Camisa_roja_mujer.png,Camisa Roja Mujer,6650,512,512,,Y,2025-11-12 14:33:32.979242-05,2025-11-12 14:33:32.979242-05,female
075392d5-46f1-45fe-b0e3-b70a5b010fc3,shirt,female/Camisa_negra_mujer.png,Camisa Negra Mujer,7429,512,512,,Y,2025-11-12 14:33:32.979242-05,2025-11-12 14:33:32.979242-05,female
60d8abfd-8941-43d4-b3cf-3f2903128913,shirt,female/camisa_elegante_mujer.png,Camisa Elegante Mujer,13906,512,512,,Y,2025-11-12 14:33:32.979242-05,2025-11-12 14:33:32.979242-05,female
6778338b-3acd-4047-86ef-c0fe92c55835,skirt,female/falda_blanca.png,Falda Blanca,9577,512,512,,Y,2025-11-12 14:33:32.979242-05,2025-11-12 14:33:32.979242-05,female
2a7920be-86cf-4cb9-bc0b-bb0a57db506f,shirt,male/camisa_colombia_2.png,Camisa Colombia 2,14756,512,512,,Y,2025-11-12 14:33:32.979242-05,2025-11-12 14:33:32.979242-05,male
7c57024b-5774-4e2e-8186-6f2746dce604,pants,male/pantalon_rojo.png,Pantalon Rojo,10825,512,512,,Y,2025-11-12 14:33:32.979242-05,2025-11-12 14:33:32.979242-05,male
71a09348-3edb-4534-aee7-b53e7ef511d5,socks,male/Medias_maya.png,Medias Maya,11643,512,512,,Y,2025-11-12 14:33:32.979242-05,2025-11-12 14:33:32.979242-05,male
a6d2ceb7-a557-43b4-913b-112c8d7f5bca,pants,male/pantalon_blanco.png,Pantalon Blanco,11659,512,512,,Y,2025-11-12 14:33:32.979242-05,2025-11-12 14:33:32.979242-05,male
adcee9b3-f085-426a-9964-9b43645845c8,shirt,male/camisa_miku.png,Camisa Miku,11149,512,512,,Y,2025-11-12 14:33:32.979242-05,2025-11-12 14:33:32.979242-05,male
fb28e6d5-36bc-4bd6-abbf-00901f35f1de,skirt,male/vestido.png,Vestido,6752,512,512,,Y,2025-11-12 14:33:32.979242-05,2025-11-12 14:33:32.979242-05,male
b3f12607-a6e3-4165-88ba-0b346b8bc8a3,shirt,male/Camisa_morada_mujer.png,Camisa Morada Mujer,8945,512,512,,Y,2025-11-12 14:33:32.979242-05,2025-11-12 14:33:32.979242-05,male
fef39f7c-8797-48d7-9cb9-987a65e3e827,shoes,male/zapatos_beige.png,Zapatos Beige,9893,512,512,,Y,2025-11-12 14:33:32.979242-05,2025-11-12 14:33:32.979242-05,male
443922ed-6bf5-4ec3-aee4-0c34a1b369f4,shirt,male/Camisa_verde_mujer.png,Camisa Verde Mujer,6006,512,512,,Y,2025-11-12 14:33:32.979242-05,2025-11-12 14:33:32.979242-05,male
d2b29f38-5ba0-4c79-b69b-c633af8c30dd,pants,male/pantalon_azul.png,Pantalon Azul,14811,512,512,,Y,2025-11-12 14:33:32.979242-05,2025-11-12 14:33:32.979242-05,male
e32df219-b58a-4fcd-9b07-a73797e4a84e,shirt,male/Corset_rojo.png,Corset Rojo,10204,512,512,,Y,2025-11-12 14:33:32.979242-05,2025-11-12 14:33:32.979242-05,male
bc851ef7-c2f8-406e-9c34-216f050ca50c,shirt,male/esqueleto_azul.png,Esqueleto Azul,7918,512,512,,Y,2025-11-12 14:33:32.979242-05,2025-11-12 14:33:32.979242-05,male
0f405a91-c143-4f3e-ab8a-378bb0aa5d0d,skirt,male/falda_miku.png,Falda Miku,7483,512,512,,Y,2025-11-12 14:33:32.979242-05,2025-11-12 14:33:32.979242-05,male
04de7593-5e91-45ec-84da-b86d81efaa30,skirt,male/falda_2.png,Falda 2,12472,512,512,,Y,2025-11-12 14:33:32.979242-05,2025-11-12 14:33:32.979242-05,male
ebadd63e-871f-4e94-9670-0c0f18cd8f6f,base,base/base-man/167 sin título_20250923002615.png,A - Base Sin Ojos (Hombre),149883,1440,3200,"{""path"": ""assets/base/base-man/167 sin título_20250923002615.png"", ""original_name"": ""167 sin título_20250923002615.png""}",Y,2025-11-09 16:25:53.265153-05,2025-11-09 16:25:53.265153-05,male
abc6a643-6c70-42bc-b251-b51c34992281,base,base/base-woman/167 sin título_20250923002534.png,A - Base Sin Ojos (Mujer),156558,1440,3200,"{""path"": ""assets/base/base-woman/167 sin título_20250923002534.png"", ""original_name"": ""167 sin título_20250923002534.png""}",Y,2025-11-09 16:25:53.265153-05,2025-11-09 16:25:53.265153-05,female
e0061577-26d8-47de-b5e5-64c88a83a1a6,base,base/base-man/167 sin título_20250922233558.png,B - Base Con Ojos (Hombre),140953,1440,3200,"{""path"": ""assets/base/base-man/167 sin título_20250922233558.png"", ""original_name"": ""167 sin título_20250922233558.png""}",Y,2025-11-09 16:25:53.265153-05,2025-11-09 16:25:53.265153-05,male
7f4d4370-7e1b-4f00-9586-aa90abd92dcf,base,base/base-woman/167 sin título_20250922233650.png,B - Base Con Ojos (Mujer),146358,1440,3200,"{""path"": ""assets/base/base-woman/167 sin título_20250922233650.png"", ""original_name"": ""167 sin título_20250922233650.png""}",Y,2025-11-09 16:25:53.265153-05,2025-11-09 16:25:53.265153-05,female
730776e2-3b28-4b9e-9977-cb25df89d33a,hair,hair/unisex/hair_6.png,Hair 6,118973,1440,3200,"{""path"": ""assets/hair/hair_6.png"", ""original_name"": ""hair_6.png""}",Y,2025-11-09 16:25:53.265153-05,2025-11-09 16:25:53.265153-05,unisex
06e27c43-ac52-446d-809e-d4dc2cb17480,hair,hair/unisex/hair_5.png,Hair 5,117707,1440,3200,"{""path"": ""assets/hair/hair_5.png"", ""original_name"": ""hair_5.png""}",Y,2025-11-09 16:25:53.265153-05,2025-11-09 16:25:53.265153-05,unisex
cd84633c-2628-453d-8008-b4a4ecf1f467,hair,hair/unisex/hair_4.png,Hair 4,116364,1440,3200,"{""path"": ""assets/hair/hair_4.png"", ""original_name"": ""hair_4.png""}",Y,2025-11-09 16:25:53.265153-05,2025-11-09 16:25:53.265153-05,unisex
041751ea-ef86-42e9-a27e-d2e09b0684c6,hair,hair/unisex/hair_7.png,Hair 7,109518,1440,3200,"{""path"": ""assets/hair/hair_7.png"", ""original_name"": ""hair_7.png""}",Y,2025-11-09 16:25:53.265153-05,2025-11-09 16:25:53.265153-05,unisex
d9fb1d73-71d7-40e5-82f4-fe1208c8fcb7,hair,hair/unisex/hair_2.png,Hair 2,136684,1440,3200,"{""path"": ""assets/hair/hair_2.png"", ""original_name"": ""hair_2.png""}",Y,2025-11-09 16:25:53.265153-05,2025-11-09 16:25:53.265153-05,unisex
447ef71c-d8af-4ae8-99fa-77b08ff4536e,shirt,male/camisa_colombia.png,Camisa Colombia,20896,512,512,,Y,2025-11-12 14:33:32.979242-05,2025-11-12 14:33:32.979242-05,male
6ff11498-d18c-40eb-89bd-0d8d29b8da40,shirt,male/esqueleto_blanco_mujer.png,Esqueleto Blanco Mujer,11936,512,512,,Y,2025-11-12 14:33:32.979242-05,2025-11-12 14:33:32.979242-05,male
476c36ec-f926-4d0c-b0e1-940713fe3a0d,shoes,male/zapatos_rosados.png,Zapatos Rosados,8308,512,512,,Y,2025-11-12 14:33:32.979242-05,2025-11-12 14:33:32.979242-05,male
57a833b4-eb23-49a7-b747-a92edfaf49d6,pants,male/pantalon_cafe.png,Pantalon Cafe,9590,512,512,,Y,2025-11-12 14:33:32.979242-05,2025-11-12 14:33:32.979242-05,male
671dee94-9119-4395-8c93-5de0a0fedb4b,shirt,male/Camisa_roja_mujer.png,Camisa Roja Mujer,6650,512,512,,Y,2025-11-12 14:33:32.979242-05,2025-11-12 14:33:32.979242-05,male
598628f1-6553-4b80-ba93-30b7cad98e5a,shirt,male/Camisa_negra_mujer.png,Camisa Negra Mujer,7429,512,512,,Y,2025-11-12 14:33:32.979242-05,2025-11-12 14:33:32.979242-05,male
98e4c52b-93d7-4e2f-9fd3-aa5a48c16586,shirt,male/camisa_elegante_mujer.png,Camisa Elegante Mujer,13906,512,512,,Y,2025-11-12 14:33:32.979242-05,2025-11-12 14:33:32.979242-05,male
90ee652d-cc9e-4868-8efc-fe73cc737569,shirt,male/camisa_elegante_blanca.png,Camisa Elegante Blanca,15513,512,512,,Y,2025-11-12 14:33:32.979242-05,2025-11-12 14:33:32.979242-05,male
540e76a4-d1e7-4aef-8a07-b06801414285,skirt,male/falda_blanca.png,Falda Blanca,9577,512,512,,Y,2025-11-12 14:33:32.979242-05,2025-11-12 14:33:32.979242-05,male
5dab0205-9906-466d-a051-d463eacb6294,shirt,male/real_madrid.png,Real Madrid,14413,512,512,,Y,2025-11-12 14:33:32.979242-05,2025-11-12 14:33:32.979242-05,male
475bfb02-0b0c-4808-b5c8-de887df5b190,shirt,male/calentadoras.png,Calentadoras,9056,512,512,,Y,2025-11-12 14:33:32.979242-05,2025-11-12 14:33:32.979242-05,male
f12e2e4a-3805-44e6-9a72-2e35402705be,shirt,unisex/camisa_cafe_mujer.png,Camisa Cafe Mujer,9494,512,512,"{""path"": ""assets/clothes/camisa_cafe_mujer.png"", ""original_name"": ""camisa_cafe_mujer.png""}",Y,2025-11-09 16:25:53.265153-05,2025-11-09 16:25:53.265153-05,unisex
36bf4581-69a2-4f72-a7b2-742d7cae0598,shoes,unisex/zapatos_beige.png,Zapatos Beige,131551,1440,3200,"{""path"": ""assets/clothes/zapatos_beige.png"", ""original_name"": ""zapatos_beige.png""}",Y,2025-11-09 16:25:53.265153-05,2025-11-09 16:25:53.265153-05,unisex
2c74dcc3-73d3-4ef4-81f1-189123725023,pants,unisex/pantalon_azul.png,Pantalon Azul,132567,1440,3200,"{""path"": ""assets/clothes/pantalon_azul.png"", ""original_name"": ""pantalon_azul.png""}",Y,2025-11-09 16:25:53.265153-05,2025-11-09 16:25:53.265153-05,unisex
c348df46-41d6-4667-abec-3550a9d89c3f,shirt,unisex/Corset_rojo.png,Corset Rojo,166119,1440,3200,"{""path"": ""assets/clothes/Corset_rojo.png"", ""original_name"": ""Corset_rojo.png""}",Y,2025-11-09 16:25:53.265153-05,2025-11-09 16:25:53.265153-05,unisex
5b401ea7-5027-4eba-8559-2bd0a793d943,hair,hair/unisex/hair_1.png,Hair 1,135170,1440,3200,"{""path"": ""assets/hair/hair_1.png"", ""original_name"": ""hair_1.png""}",Y,2025-11-09 16:25:53.265153-05,2025-11-09 16:25:53.265153-05,unisex
d7fd2e75-4c4e-4983-8a38-cac0fd8ed353,hair,hair/unisex/hair_3.png,Hair 3,138726,1440,3200,"{""path"": ""assets/hair/hair_3.png"", ""original_name"": ""hair_3.png""}",Y,2025-11-09 16:25:53.265153-05,2025-11-09 16:25:53.265153-05,unisex
4198bd25-d3ba-4068-a1cb-8dded7494127,eyes,eyes/unisex/ojos_1.png,Ojos 1,5119,512,512,"{""path"": ""assets/eyes/ojos_1.png"", ""original_name"": ""ojos_1.png""}",Y,2025-11-09 16:25:53.265153-05,2025-11-09 16:25:53.265153-05,unisex
2426c1f7-8fbb-43a7-a283-fafdc14a1919,eyes,eyes/unisex/ojos_cerrados_3.png,Ojos Cerrados 3,2281,512,512,"{""path"": ""assets/eyes/ojos_cerrados_3.png"", ""original_name"": ""ojos_cerrados_3.png""}",Y,2025-11-09 16:25:53.265153-05,2025-11-09 16:25:53.265153-05,unisex
267cfa5e-b1e9-4365-97fa-f0c8db5a9b94,eyes,eyes/unisex/ojos_6.png,Ojos 6,132834,1440,3200,"{""path"": ""assets/eyes/ojos_6.png"", ""original_name"": ""ojos_6.png""}",Y,2025-11-09 16:25:53.265153-05,2025-11-09 16:25:53.265153-05,unisex
e587f70c-5350-44ff-9155-53e2a5bc11f2,eyes,eyes/unisex/ojos_2.png,Ojos 2,1809,512,512,"{""path"": ""assets/eyes/ojos_2.png"", ""original_name"": ""ojos_2.png""}",Y,2025-11-09 16:25:53.265153-05,2025-11-09 16:25:53.265153-05,unisex
257b058b-044a-4f22-930d-3e405b97efff,eyes,eyes/unisex/ojos_5.png,Ojos 5,131253,1440,3200,"{""path"": ""assets/eyes/ojos_5.png"", ""original_name"": ""ojos_5.png""}",Y,2025-11-09 16:25:53.265153-05,2025-11-09 16:25:53.265153-05,unisex
cb7fc6d0-e2cb-40f5-a2d5-8c152610226d,eyes,eyes/unisex/ojos_cerrados_2.png,Ojos Cerrados 2,1661,512,512,"{""path"": ""assets/eyes/ojos_cerrados_2.png"", ""original_name"": ""ojos_cerrados_2.png""}",Y,2025-11-09 16:25:53.265153-05,2025-11-09 16:25:53.265153-05,unisex
20ce7756-5ea0-48a0-9bdb-706d6e37f4ad,eyes,eyes/unisex/ojos_cerrados_1.png,Ojos Cerrados 1,1623,512,512,"{""path"": ""assets/eyes/ojos_cerrados_1.png"", ""original_name"": ""ojos_cerrados_1.png""}",Y,2025-11-09 16:25:53.265153-05,2025-11-09 16:25:53.265153-05,unisex
75a07a7f-f1fd-473f-829b-7c4aefbf77a2,eyes,eyes/unisex/ojos_3.png,Ojos 3,3458,512,512,"{""path"": ""assets/eyes/ojos_3.png"", ""original_name"": ""ojos_3.png""}",Y,2025-11-09 16:25:53.265153-05,2025-11-09 16:25:53.265153-05,unisex
d744bd36-e242-4498-87ec-4d32dd0c0480,eyes,eyes/unisex/ojos_4.png,Ojos 4,119499,1440,3200,"{""path"": ""assets/eyes/ojos_4.png"", ""original_name"": ""ojos_4.png""}",Y,2025-11-09 16:25:53.265153-05,2025-11-09 16:25:53.265153-05,unisex
03f18103-d6af-4d94-9d8f-beb872742e28,mouth,mouth/unisex/boca_base.png,Boca Base,1404,512,512,"{""path"": ""assets/mounth/boca_base.png"", ""original_name"": ""boca_base.png""}",Y,2025-11-09 16:25:53.265153-05,2025-11-09 16:25:53.265153-05,unisex
0eca3bff-3a66-4e31-899c-53fd9308f47e,mouth,mouth/unisex/boca_4.png,Boca 4,93695,1440,3200,"{""path"": ""assets/mounth/boca_4.png"", ""original_name"": ""boca_4.png""}",Y,2025-11-09 16:25:53.265153-05,2025-11-09 16:25:53.265153-05,unisex
5ded9537-c1e2-4c45-9160-d8a2c4448307,mouth,mouth/unisex/boca_2.png,Boca 2,2674,512,512,"{""path"": ""assets/mounth/boca_2.png"", ""original_name"": ""boca_2.png""}",Y,2025-11-09 16:25:53.265153-05,2025-11-09 16:25:53.265153-05,unisex
59f6853c-54d3-4d8c-aed5-0c45e0a50edc,mouth,mouth/unisex/boca_5.png,Boca 5,2843,512,512,"{""path"": ""assets/mounth/boca_5.png"", ""original_name"": ""boca_5.png""}",Y,2025-11-09 16:25:53.265153-05,2025-11-09 16:25:53.265153-05,unisex
825501e9-ce31-4913-a819-8423833c59f1,mouth,mouth/unisex/boca_1.png,Boca 1,1977,512,512,"{""path"": ""assets/mounth/boca_1.png"", ""original_name"": ""boca_1.png""}",Y,2025-11-09 16:25:53.265153-05,2025-11-09 16:25:53.265153-05,unisex
d5bff0fc-fa00-4989-ae47-3d9516d3d5f8,mouth,mouth/unisex/boca_3.png,Boca 3,100601,1440,3200,"{""path"": ""assets/mounth/boca_3.png"", ""original_name"": ""boca_3.png""}",Y,2025-11-09 16:25:53.265153-05,2025-11-09 16:25:53.265153-05,unisex
6cb3c2bc-89ad-44a1-a3d7-f576b64f9862,accessories,accessories/unisex/piercing_ceja.png,Piercing Ceja,1340,512,512,"{""path"": ""assets/accessories/piercing_ceja.png"", ""original_name"": ""piercing_ceja.png""}",Y,2025-11-09 16:25:53.265153-05,2025-11-09 16:25:53.265153-05,unisex
e64239a9-c074-455d-9469-8407301d89c2,accessories,accessories/unisex/collar_1.png,Collar 1,111278,1440,3200,"{""path"": ""assets/accessories/collar_1.png"", ""original_name"": ""collar_1.png""}",Y,2025-11-09 16:25:53.265153-05,2025-11-09 16:25:53.265153-05,unisex
3fc73ee0-0717-43e3-a771-f497a25b7c72,accessories,accessories/unisex/curitas.png,Curitas,2488,512,512,"{""path"": ""assets/accessories/curitas.png"", ""original_name"": ""curitas.png""}",Y,2025-11-09 16:25:53.265153-05,2025-11-09 16:25:53.265153-05,unisex
89979309-b416-47d9-ac1a-65883929cb80,accessories,accessories/unisex/collar_3.png,Collar 3,3036,512,512,"{""path"": ""assets/accessories/collar_3.png"", ""original_name"": ""collar_3.png""}",Y,2025-11-09 16:25:53.265153-05,2025-11-09 16:25:53.265153-05,unisex
8dd161b9-3841-4bc4-946d-af8b7a200923,accessories,accessories/unisex/moño.png,Moño,104653,1440,3200,"{""path"": ""assets/accessories/moño.png"", ""original_name"": ""moño.png""}",Y,2025-11-09 16:25:53.265153-05,2025-11-09 16:25:53.265153-05,unisex
05626da4-b295-4863-9750-3548de3cbb54,accessories,accessories/unisex/gafas_1.png,Gafas 1,6004,512,512,"{""path"": ""assets/accessories/gafas_1.png"", ""original_name"": ""gafas_1.png""}",Y,2025-11-09 16:25:53.265153-05,2025-11-09 16:25:53.265153-05,unisex
f5ab8e64-5288-421c-9cf9-bc54e6d7d9d2,accessories,accessories/unisex/gafas_2.png,Gafas 2,99480,1440,3200,"{""path"": ""assets/accessories/gafas_2.png"", ""original_name"": ""gafas_2.png""}",Y,2025-11-09 16:25:53.265153-05,2025-11-09 16:25:53.265153-05,unisex
c7bd7c7f-34b6-4cda-bdd9-f27811fd50ed,accessories,accessories/unisex/orejas_gato.png,Orejas Gato,103309,1440,3200,"{""path"": ""assets/accessories/orejas_gato.png"", ""original_name"": ""orejas_gato.png""}",Y,2025-11-09 16:25:53.265153-05,2025-11-09 16:25:53.265153-05,unisex
0c7d6721-32ff-4001-b431-107ba1c36f75,accessories,accessories/unisex/collar_2.png,Collar 2,3505,512,512,"{""path"": ""assets/accessories/collar_2.png"", ""original_name"": ""collar_2.png""}",Y,2025-11-09 16:25:53.265153-05,2025-11-09 16:25:53.265153-05,unisex
cf3fe880-60ab-4ef3-a60f-9a443d29690e,accessories,accessories/unisex/manilla_1.png,Manilla 1,2287,512,512,"{""path"": ""assets/accessories/manilla_1.png"", ""original_name"": ""manilla_1.png""}",Y,2025-11-09 16:25:53.265153-05,2025-11-09 16:25:53.265153-05,unisex
2e4fa84a-7382-43bd-bea5-b50022a2c67b,accessories,accessories/unisex/manilla_2.png,Manilla 2,100866,1440,3200,"{""path"": ""assets/accessories/manilla_2.png"", ""original_name"": ""manilla_2.png""}",Y,2025-11-09 16:25:53.265153-05,2025-11-09 16:25:53.265153-05,unisex
1cb9428b-7e8a-4e5e-8870-320c3fa5d5bd,makeup,makeup/unisex/gotic_makeup.png,Gotic Makeup,11826,512,512,"{""path"": ""assets/makeup/gotic_makeup.png"", ""original_name"": ""gotic_makeup.png""}",Y,2025-11-09 16:25:53.265153-05,2025-11-09 16:25:53.265153-05,unisex
a384c648-ef92-4d21-9419-655a771a9268,makeup,makeup/unisex/rubor.png,Rubor,133454,1440,3200,"{""path"": ""assets/makeup/rubor.png"", ""original_name"": ""rubor.png""}",Y,2025-11-09 16:25:53.265153-05,2025-11-09 16:25:53.265153-05,unisex
da7c1d0b-25c5-4568-85d2-17cef1fb7b56,makeup,makeup/unisex/ahumado_morado.png,Ahumado Morado,169012,1440,3200,"{""path"": ""assets/makeup/ahumado_morado.png"", ""original_name"": ""ahumado_morado.png""}",Y,2025-11-09 16:25:53.265153-05,2025-11-09 16:25:53.265153-05,unisex
d53c1d2f-c101-4a9b-98be-8e18d5b3f38f,makeup,makeup/unisex/ahumado_negro.png,Ahumado Negro,122240,1440,3200,"{""path"": ""assets/makeup/ahumado_negro.png"", ""original_name"": ""ahumado_negro.png""}",Y,2025-11-09 16:25:53.265153-05,2025-11-09 16:25:53.265153-05,unisex
7b068a5c-4a45-4f7f-b30b-e48f69315cb2,makeup,makeup/unisex/remolino_rubor.png,Remolino Rubor,97244,1440,3200,"{""path"": ""assets/makeup/remolino_rubor.png"", ""original_name"": ""remolino_rubor.png""}",Y,2025-11-09 16:25:53.265153-05,2025-11-09 16:25:53.265153-05,unisex
da060d63-de3f-4a56-b85d-653a1f689134,socks,unisex/medias_negras.png,Medias Negras,11332,512,512,"{""path"": ""assets/clothes/medias_negras.png"", ""original_name"": ""medias_negras.png""}",Y,2025-11-09 16:25:53.265153-05,2025-11-09 16:25:53.265153-05,unisex
c87a5f13-d18b-461c-831e-3b056fea3d45,shirt,unisex/camisa_colombia_2.png,Camisa Colombia 2,120425,1440,3200,"{""path"": ""assets/clothes/camisa_colombia_2.png"", ""original_name"": ""camisa_colombia_2.png""}",Y,2025-11-09 16:25:53.265153-05,2025-11-09 16:25:53.265153-05,unisex
d8a9f44f-ef0f-4e39-b483-5604b970f254,jacket,unisex/chaqueta_y2k.png,Chaqueta Y2K,40739,512,512,"{""path"": ""assets/clothes/chaqueta_y2k.png"", ""original_name"": ""chaqueta_y2k.png""}",Y,2025-11-09 16:25:53.265153-05,2025-11-09 16:25:53.265153-05,unisex
6ecb8dc1-4180-437a-b430-777ccd36116e,shoes,unisex/zapatos.png,Zapatos,16035,512,512,"{""path"": ""assets/clothes/zapatos.png"", ""original_name"": ""zapatos.png""}",Y,2025-11-09 16:25:53.265153-05,2025-11-09 16:25:53.265153-05,unisex
66bea738-a4fa-4997-82f1-8d5d8dcb77a7,pants,unisex/pantalon_rojo.png,Pantalon Rojo,117685,1440,3200,"{""path"": ""assets/clothes/pantalon_rojo.png"", ""original_name"": ""pantalon_rojo.png""}",Y,2025-11-09 16:25:53.265153-05,2025-11-09 16:25:53.265153-05,unisex
f3725136-e14d-47ed-8f5e-df72cc7d75bc,socks,unisex/Medias_maya.png,Medias Maya,145160,1440,3200,"{""path"": ""assets/clothes/Medias_maya.png"", ""original_name"": ""Medias_maya.png""}",Y,2025-11-09 16:25:53.265153-05,2025-11-09 16:25:53.265153-05,unisex
ba7f5b53-7d15-4cc6-bf6c-424f635be231,pants,unisex/pantalon_blanco.png,Pantalon Blanco,116702,1440,3200,"{""path"": ""assets/clothes/pantalon_blanco.png"", ""original_name"": ""pantalon_blanco.png""}",Y,2025-11-09 16:25:53.265153-05,2025-11-09 16:25:53.265153-05,unisex
0a390bab-c615-4930-beb7-cc98e4682aee,shirt,unisex/esqueleto_azul.png,Esqueleto Azul,109181,1440,3200,"{""path"": ""assets/clothes/esqueleto_azul.png"", ""original_name"": ""esqueleto_azul.png""}",Y,2025-11-09 16:25:53.265153-05,2025-11-09 16:25:53.265153-05,unisex
3309957c-247c-4d1f-ac13-97dff8d1c4f1,shirt,unisex/Smoking_fuck_news.png,Smoking Fuck News,18323,512,512,"{""path"": ""assets/clothes/Smoking_fuck_news.png"", ""original_name"": ""Smoking_fuck_news.png""}",Y,2025-11-09 16:25:53.265153-05,2025-11-09 16:25:53.265153-05,unisex
73c8be26-772f-435c-85cf-05f59db6e7ff,skirt,unisex/falda_miku.png,Falda Miku,105909,1440,3200,"{""path"": ""assets/clothes/falda_miku.png"", ""original_name"": ""falda_miku.png""}",Y,2025-11-09 16:25:53.265153-05,2025-11-09 16:25:53.265153-05,unisex
76f31f05-acbd-46d1-87b8-43af44aa274f,skirt,unisex/falda_2.png,Falda 2,228126,1440,3200,"{""path"": ""assets/clothes/falda_2.png"", ""original_name"": ""falda_2.png""}",Y,2025-11-09 16:25:53.265153-05,2025-11-09 16:25:53.265153-05,unisex
542e90af-065b-42de-84f8-d8421b037d13,pants,unisex/Fuck_news_pantalon.png,Fuck News Pantalon,17097,512,512,"{""path"": ""assets/clothes/Fuck_news_pantalon.png"", ""original_name"": ""Fuck_news_pantalon.png""}",Y,2025-11-09 16:25:53.265153-05,2025-11-09 16:25:53.265153-05,unisex
50f5e1bd-bd66-43e8-b6bf-8d2d41396c77,shirt,unisex/camisa_cafe.png,Camisa Cafe,119455,1440,3200,"{""path"": ""assets/clothes/camisa_cafe.png"", ""original_name"": ""camisa_cafe.png""}",Y,2025-11-09 16:25:53.265153-05,2025-11-09 16:25:53.265153-05,unisex
f8cf6966-dac9-48fd-91a2-29ecf8eac423,shirt,unisex/camisa_colombia.png,Camisa Colombia,149831,1440,3200,"{""path"": ""assets/clothes/camisa_colombia.png"", ""original_name"": ""camisa_colombia.png""}",Y,2025-11-09 16:25:53.265153-05,2025-11-09 16:25:53.265153-05,unisex
eadb5cc5-c9eb-4b7c-b3ba-8b9e94fc6b5c,shirt,unisex/real_madrid.png,Real Madrid,135399,1440,3200,"{""path"": ""assets/clothes/real_madrid.png"", ""original_name"": ""real_madrid.png""}",Y,2025-11-09 16:25:53.265153-05,2025-11-09 16:25:53.265153-05,unisex
1e0ce119-d0eb-4a3f-8abd-3d44089aab3d,shoes,unisex/zapatos_rosados.png,Zapatos Rosados,107416,1440,3200,"{""path"": ""assets/clothes/zapatos_rosados.png"", ""original_name"": ""zapatos_rosados.png""}",Y,2025-11-09 16:25:53.265153-05,2025-11-09 16:25:53.265153-05,unisex
6e47d54b-3dcc-48c9-8368-fa6a1d1a56ad,pants,unisex/calentadoras.png,Calentadoras,110047,1440,3200,"{""path"": ""assets/clothes/calentadoras.png"", ""original_name"": ""calentadoras.png""}",Y,2025-11-09 16:25:53.265153-05,2025-11-09 16:25:53.265153-05,unisex
33ddea78-4068-49c9-bdf2-f9893cdcc588,shirt,unisex/camisa_verde_juan.png,Camisa Verde Juan,10729,512,512,"{""path"": ""assets/clothes/camisa_verde_juan.png"", ""original_name"": ""camisa_verde_juan.png""}",Y,2025-11-09 16:25:53.265153-05,2025-11-09 16:25:53.265153-05,unisex
c52c5655-86a3-4c48-a72c-7db84a39a193,pants,unisex/pantalon.png,Pantalon,15912,512,512,"{""path"": ""assets/clothes/pantalon.png"", ""original_name"": ""pantalon.png""}",Y,2025-11-09 16:25:53.265153-05,2025-11-09 16:25:53.265153-05,unisex
3f5316e2-cf1b-4dbb-b598-415d51fcdad7,pants,unisex/pantalon_cafe.png,Pantalon Cafe,116532,1440,3200,"{""path"": ""assets/clothes/pantalon_cafe.png"", ""original_name"": ""pantalon_cafe.png""}",Y,2025-11-09 16:25:53.265153-05,2025-11-09 16:25:53.265153-05,unisex
aeb45b9b-77f6-4b4d-a645-b0265258e7c1,jacket,unisex/Saco_tortuga.png,Saco Tortuga,20570,512,512,"{""path"": ""assets/clothes/Saco_tortuga.png"", ""original_name"": ""Saco_tortuga.png""}",Y,2025-11-09 16:25:53.265153-05,2025-11-09 16:25:53.265153-05,unisex
a3f89b4e-c462-4f2d-9f52-b48484910112,shirt,unisex/camisa_elegante_blanca.png,Camisa Elegante Blanca,131977,1440,3200,"{""path"": ""assets/clothes/camisa_elegante_blanca.png"", ""original_name"": ""camisa_elegante_blanca.png""}",Y,2025-11-09 16:25:53.265153-05,2025-11-09 16:25:53.265153-05,unisex
299e51d5-a860-49b2-9d9d-5e48c237ea0d,skirt,unisex/falda_blanca.png,Falda Blanca,104248,1440,3200,"{""path"": ""assets/clothes/falda_blanca.png"", ""original_name"": ""falda_blanca.png""}",Y,2025-11-09 16:25:53.265153-05,2025-11-09 16:25:53.265153-05,unisex
